{"timestamps": [1494344237.083324], "initial_reset_timestamp": 1494344210.036963, "episode_types": ["t", "t"], "episode_lengths": [815], "episode_rewards": [180.0]}